{"cameraMode":{"drawMode":0,"name":"Shaded","section":"Shading Mode"},"sceneLighting":true,"audioPlay":false,"sceneViewState":{"showFog":true,"showMaterialUpdate":false,"showSkybox":true,"showFlares":true,"showImageEffects":true,"showParticleSystems":true},"in2DMode":false,"pivot":{"x":4.448051452636719,"y":3.465810775756836,"z":11.819568634033204},"rotation":{"x":-0.1375565528869629,"y":0.839974582195282,"z":-0.25048506259918215,"w":-0.46128180623054507},"size":16.055599212646486,"orthographic":false}